<?xml version="1.0" ?>
<character id="7" name="Bryan">
	<moves>
		<move>
			<id>1</id>
			<name>in rage d/f+1+2 or FC+d/f+1+2</name>
			<command>in rage d/f+1+2 or FC+d/f+1+2</command>
			<hitLevel>m</hitLevel>
			<damage>55</damage>
			<StartUp>20</StartUp>
			<BlockFrame>-22</BlockFrame>
			<HitFrame>KND</HitFrame>
			<CounterHitFrame>KND</CounterHitFrame>
			<tags>
				<NeedsWork/>
				<Punishable>-22</Punishable>
				<RageArt/>
			</tags>
		</move>
		<move>
			<id>2</id>
			<name>in rage b+1+2</name>
			<command>in rage b+1+2</command>
			<hitLevel>m</hitLevel>
			<damage>30</damage>
			<StartUp>18~19</StartUp>
			<BlockFrame>+6~+7s</BlockFrame>
			<HitFrame>KND</HitFrame>
			<CounterHitFrame>KND</CounterHitFrame>
			<tags>
				<NeedsWork/>
				<RageArt/>
			</tags>
		</move>
		<move>
			<id>3</id>
			<name>1</name>
			<command>+1</command>
			<hitLevel>h</hitLevel>
			<damage>7</damage>
			<StartUp>10</StartUp>
			<BlockFrame>+1</BlockFrame>
			<HitFrame>+8</HitFrame>
			<CounterHitFrame>+8</CounterHitFrame>
			<tags>
				<NeedsWork/>
				<Safe/>
			</tags>
		</move>
		<move>
			<id>4</id>
			<name>1, 2</name>
			<command>+1, 5, +2</command>
			<hitLevel>h, h</hitLevel>
			<damage>7,8</damage>
			<StartUp>10</StartUp>
			<BlockFrame>-2</BlockFrame>
			<HitFrame>+5</HitFrame>
			<CounterHitFrame>+5</CounterHitFrame>
			<tags>
				<NeedsWork/>
				<Safe/>
			</tags>
		</move>
		<move>
			<id>5</id>
			<name>1, 2, 1</name>
			<command>+1, 5, +2, 5, +1</command>
			<hitLevel>h, h, m</hitLevel>
			<damage>7,8,18</damage>
			<StartUp>10</StartUp>
			<BlockFrame>-6</BlockFrame>
			<HitFrame>+6</HitFrame>
			<CounterHitFrame>CS</CounterHitFrame>
			<tags>
				<NeedsWork/>
				<Safe/>
			</tags>
		</move>
		<move>
			<id>6</id>
			<name>1, 2, 3</name>
			<command>+1, 5, +2, 5, +3</command>
			<hitLevel>h, h, l</hitLevel>
			<damage>7,8,15</damage>
			<StartUp>10</StartUp>
			<BlockFrame>-12</BlockFrame>
			<HitFrame>+2</HitFrame>
			<CounterHitFrame>KND</CounterHitFrame>
			<tags>
				<NeedsWork/>
				<Punishable>-12</Punishable>
			</tags>
		</move>
		<move>
			<id>7</id>
			<name>1, 2, 4</name>
			<command>+1, 5, +2, 5, +4</command>
			<hitLevel>h, h, h</hitLevel>
			<damage>7,8,24</damage>
			<StartUp>10</StartUp>
			<BlockFrame>-3</BlockFrame>
			<HitFrame>KND</HitFrame>
			<CounterHitFrame>KND</CounterHitFrame>
			<tags>
				<NeedsWork/>
				<Safe/>
				<TailSpin/>
			</tags>
		</move>
		<move>
			<id>8</id>
			<name>1, 4</name>
			<command>+1, 5, +4</command>
			<hitLevel>h, h</hitLevel>
			<damage>7,14</damage>
			<StartUp>10</StartUp>
			<BlockFrame>-7</BlockFrame>
			<HitFrame>+4</HitFrame>
			<CounterHitFrame>+4</CounterHitFrame>
			<tags>
				<NeedsWork/>
				<Safe/>
			</tags>
		</move>
		<move>
			<id>9</id>
			<name>1, 4, 2</name>
			<command>+1, 5, +4, 5, +2</command>
			<hitLevel>h, h, h</hitLevel>
			<damage>7,14,18</damage>
			<StartUp>10</StartUp>
			<BlockFrame>-7</BlockFrame>
			<HitFrame>+4</HitFrame>
			<CounterHitFrame>CS</CounterHitFrame>
			<tags>
				<NeedsWork/>
				<Safe/>
			</tags>
		</move>
		<move>
			<id>10</id>
			<name>1, 4, 2, 1</name>
			<command>+1, 5, +4, 5, +2, 5, +1</command>
			<hitLevel>h, h, h, h</hitLevel>
			<damage>7,14,18,17</damage>
			<StartUp>10</StartUp>
			<BlockFrame>0</BlockFrame>
			<HitFrame>CS</HitFrame>
			<CounterHitFrame>CS</CounterHitFrame>
			<tags>
				<NeedsWork/>
				<Safe/>
			</tags>
		</move>
		<move>
			<id>11</id>
			<name>1, 4, 2, 1, 2</name>
			<command>+1, 5, +4, 5, +2, 5, +1, 5, +2</command>
			<hitLevel>h, h, h, h, h</hitLevel>
			<damage>7,14,18,17,22</damage>
			<StartUp>10</StartUp>
			<BlockFrame>-9</BlockFrame>
			<HitFrame>KND</HitFrame>
			<CounterHitFrame>KND</CounterHitFrame>
			<tags>
				<NeedsWork/>
				<Safe/>
			</tags>
		</move>
		<move>
			<id>12</id>
			<name>1, 4, 2, 1, u or d (Cancel)</name>
			<command>+1, 5, +4, 5, +2, 5, +1, 5, u or d (Cancel)</command>
			<hitLevel>h, h, h</hitLevel>
			<damage>7,14,18</damage>
			<StartUp>10</StartUp>
			<BlockFrame>-10</BlockFrame>
			<HitFrame>+1</HitFrame>
			<CounterHitFrame>CS</CounterHitFrame>
			<tags>
				<NeedsWork/>
				<Punishable>-10</Punishable>
			</tags>
		</move>
		<move>
			<id>13</id>
			<name>1, 4, 2, 4</name>
			<command>+1, 5, +4, 5, +2, 5, +4</command>
			<hitLevel>h, h, h, m (TJ)</hitLevel>
			<damage>7,14,18,21</damage>
			<StartUp>js16~</StartUp>
			<BlockFrame>-5~-4</BlockFrame>
			<HitFrame>KND</HitFrame>
			<CounterHitFrame>KND</CounterHitFrame>
			<tags>
				<NeedsWork/>
				<TailSpin/>
			</tags>
		</move>
		<move>
			<id>14</id>
			<name>1, 4, 2, 1, 4</name>
			<command>+1, 5, +4, 5, +2, 5, +1, 5, +4</command>
			<hitLevel>h, h, h, h, m (TJ)</hitLevel>
			<damage>7,14,18,17,21</damage>
			<StartUp>js16~</StartUp>
			<BlockFrame>-5~-4</BlockFrame>
			<HitFrame>KND</HitFrame>
			<CounterHitFrame>KND</CounterHitFrame>
			<tags>
				<NeedsWork/>
				<TailSpin/>
			</tags>
		</move>
		<move>
			<id>15</id>
			<name>1, 4, 3</name>
			<command>+1, 5, +4, 5, +3</command>
			<hitLevel>h, h, m</hitLevel>
			<damage>7,14,15</damage>
			<StartUp>16~</StartUp>
			<BlockFrame>-10</BlockFrame>
			<HitFrame>+1</HitFrame>
			<CounterHitFrame>+1</CounterHitFrame>
			<tags>
				<NeedsWork/>
				<Punishable>-10</Punishable>
			</tags>
		</move>
		<move>
			<id>16</id>
			<name>1, 4, 3, 3</name>
			<command>+1, 5, +4, 5, +3, 5, +3</command>
			<hitLevel>h, h, m, h</hitLevel>
			<damage>7,14,15,18</damage>
			<StartUp>16~</StartUp>
			<BlockFrame>-7</BlockFrame>
			<HitFrame>+7</HitFrame>
			<CounterHitFrame>+7</CounterHitFrame>
			<tags>
				<NeedsWork/>
				<Safe/>
			</tags>
		</move>
		<move>
			<id>17</id>
			<name>2</name>
			<command>+2</command>
			<hitLevel>h</hitLevel>
			<damage>10</damage>
			<StartUp>10</StartUp>
			<BlockFrame>+1</BlockFrame>
			<HitFrame>+7</HitFrame>
			<CounterHitFrame>+7</CounterHitFrame>
			<tags>
				<NeedsWork/>
				<Safe/>
			</tags>
		</move>
		<move>
			<id>18</id>
			<name>2, 3</name>
			<command>+2, 5, +3</command>
			<hitLevel>h, m</hitLevel>
			<damage>10,14</damage>
			<StartUp>10</StartUp>
			<BlockFrame>-10</BlockFrame>
			<HitFrame>+6</HitFrame>
			<CounterHitFrame>+6</CounterHitFrame>
			<tags>
				<NeedsWork/>
				<Punishable>-10</Punishable>
			</tags>
		</move>
		<move>
			<id>19</id>
			<name>3</name>
			<command>+3</command>
			<hitLevel>m</hitLevel>
			<damage>14</damage>
			<StartUp>16</StartUp>
			<BlockFrame>-4</BlockFrame>
			<HitFrame>+7</HitFrame>
			<CounterHitFrame>+7</CounterHitFrame>
			<tags>
				<NeedsWork/>
				<Safe/>
			</tags>
		</move>
		<move>
			<id>20</id>
			<name>3, 2</name>
			<command>+3, 5, +2</command>
			<hitLevel>m, m</hitLevel>
			<damage>14,11</damage>
			<StartUp>16</StartUp>
			<BlockFrame>-10</BlockFrame>
			<HitFrame>+1</HitFrame>
			<CounterHitFrame>+1</CounterHitFrame>
			<tags>
				<NeedsWork/>
				<Punishable>-10</Punishable>
			</tags>
		</move>
		<move>
			<id>21</id>
			<name>3, 2, 1</name>
			<command>+3, 5, +2, 5, +1</command>
			<hitLevel>m, m, m</hitLevel>
			<damage>14,11,10</damage>
			<StartUp>16</StartUp>
			<BlockFrame>-9</BlockFrame>
			<HitFrame>+2</HitFrame>
			<CounterHitFrame>+2</CounterHitFrame>
			<tags>
				<NeedsWork/>
				<Safe/>
			</tags>
		</move>
		<move>
			<id>22</id>
			<name>3, 2, 1, 2</name>
			<command>+3, 5, +2, 5, +1, 5, +2</command>
			<hitLevel>m, m, m, m</hitLevel>
			<damage>14,11,10,14</damage>
			<StartUp>16</StartUp>
			<BlockFrame>-10</BlockFrame>
			<HitFrame>KND</HitFrame>
			<CounterHitFrame>KND</CounterHitFrame>
			<tags>
				<NeedsWork/>
				<Punishable>-10</Punishable>
			</tags>
		</move>
		<move>
			<id>23</id>
			<name>3, 2, 1, 4</name>
			<command>+3, 5, +2, 5, +1, 5, +4</command>
			<hitLevel>m, m, m, l</hitLevel>
			<damage>14,14,10,12</damage>
			<StartUp>16</StartUp>
			<BlockFrame>-11</BlockFrame>
			<HitFrame>0</HitFrame>
			<CounterHitFrame>0</CounterHitFrame>
			<tags>
				<NeedsWork/>
				<Punishable>-11</Punishable>
			</tags>
		</move>
		<move>
			<id>24</id>
			<name>3, 3</name>
			<command>+3, 5, +3</command>
			<hitLevel>m, h</hitLevel>
			<damage>14,13</damage>
			<StartUp>16</StartUp>
			<BlockFrame>-6</BlockFrame>
			<HitFrame>+6</HitFrame>
			<CounterHitFrame>+6</CounterHitFrame>
			<tags>
				<NeedsWork/>
				<Safe/>
			</tags>
		</move>
		<move>
			<id>25</id>
			<name>3, 3, 2</name>
			<command>+3, 5, +3, 5, +2</command>
			<hitLevel>m, h, h</hitLevel>
			<damage>14,13,20</damage>
			<StartUp>16</StartUp>
			<BlockFrame>-7~-6</BlockFrame>
			<HitFrame>Launch</HitFrame>
			<CounterHitFrame>Launch</CounterHitFrame>
			<tags>
				<NeedsWork/>
			</tags>
		</move>
		<move>
			<id>26</id>
			<name>3, 3, 4</name>
			<command>+3, 5, +3, 5, +4</command>
			<hitLevel>m, h, m</hitLevel>
			<damage>14,13,25</damage>
			<StartUp>16</StartUp>
			<BlockFrame>-12</BlockFrame>
			<HitFrame>KND</HitFrame>
			<CounterHitFrame>KND</CounterHitFrame>
			<tags>
				<NeedsWork/>
				<Punishable>-12</Punishable>
			</tags>
		</move>
		<move>
			<id>27</id>
			<name>4</name>
			<command>+4</command>
			<hitLevel>h</hitLevel>
			<damage>15</damage>
			<StartUp>12</StartUp>
			<BlockFrame>-7</BlockFrame>
			<HitFrame>+6</HitFrame>
			<CounterHitFrame>Launch (JG?)</CounterHitFrame>
			<tags>
				<NeedsWork/>
				<Safe/>
			</tags>
		</move>
		<move>
			<id>28</id>
			<name>4, 3</name>
			<command>+4, 5, +3</command>
			<hitLevel>h, m</hitLevel>
			<damage>15,12</damage>
			<StartUp>12</StartUp>
			<BlockFrame>-10~-9</BlockFrame>
			<HitFrame>+4~+5</HitFrame>
			<CounterHitFrame>+4~+5</CounterHitFrame>
			<tags>
				<NeedsWork/>
			</tags>
		</move>
		<move>
			<id>29</id>
			<name>4, 3, 4</name>
			<command>+4, 5, +3, 5, +4</command>
			<hitLevel>h, m, m</hitLevel>
			<damage>15,12,16</damage>
			<StartUp>12</StartUp>
			<BlockFrame>-12</BlockFrame>
			<HitFrame>KND</HitFrame>
			<CounterHitFrame>KND</CounterHitFrame>
			<tags>
				<NeedsWork/>
				<Punishable>-12</Punishable>
				<TailSpin/>
			</tags>
		</move>
		<move>
			<id>30</id>
			<name>4, 3, 4* (Very long hold)</name>
			<command>+4, 5, +3, 5, 4* (Very long hold)</command>
			<hitLevel>h, m, m</hitLevel>
			<damage>15,12,25</damage>
			<StartUp>12</StartUp>
			<BlockFrame>-9~-8</BlockFrame>
			<HitFrame>KND</HitFrame>
			<CounterHitFrame>KND</CounterHitFrame>
			<tags>
				<NeedsWork/>
				<TailSpin/>
			</tags>
		</move>
		<move>
			<id>31</id>
			<name>4, 3, f+4</name>
			<command>+4, 5, +3, 5, f+4</command>
			<hitLevel>h, m, h</hitLevel>
			<damage>15,12,18</damage>
			<StartUp>12</StartUp>
			<BlockFrame>-5~-4</BlockFrame>
			<HitFrame>+6~+7</HitFrame>
			<CounterHitFrame>KND</CounterHitFrame>
			<tags>
				<NeedsWork/>
			</tags>
		</move>
		<move>
			<id>32</id>
			<name>1+2</name>
			<command>+1+2</command>
			<hitLevel>m</hitLevel>
			<damage>16</damage>
			<StartUp>17~18</StartUp>
			<BlockFrame>-7~-6</BlockFrame>
			<HitFrame>+6~+7</HitFrame>
			<CounterHitFrame>+5~+6b</CounterHitFrame>
			<tags>
				<NeedsWork/>
				<Homing/>
			</tags>
		</move>
		<move>
			<id>33</id>
			<name>1+2, 2</name>
			<command>+1+2, 5, +2</command>
			<hitLevel>m, m</hitLevel>
			<damage>16,20</damage>
			<StartUp>17</StartUp>
			<BlockFrame>-14</BlockFrame>
			<HitFrame>KND</HitFrame>
			<CounterHitFrame>KND</CounterHitFrame>
			<tags>
				<NeedsWork/>
				<Punishable>-14</Punishable>
			</tags>
		</move>
		<move>
			<id>34</id>
			<name>3+4</name>
			<command>+3+4</command>
			<hitLevel>m</hitLevel>
			<damage>20</damage>
			<StartUp>18</StartUp>
			<BlockFrame>-13</BlockFrame>
			<HitFrame>CS</HitFrame>
			<CounterHitFrame>CS</CounterHitFrame>
			<tags>
				<NeedsWork/>
				<Punishable>-13</Punishable>
			</tags>
		</move>
		<move>
			<id>35</id>
			<name>f+2</name>
			<command>f+2</command>
			<hitLevel>m</hitLevel>
			<damage>10</damage>
			<StartUp>15</StartUp>
			<BlockFrame>-10</BlockFrame>
			<HitFrame>+1</HitFrame>
			<CounterHitFrame>+1</CounterHitFrame>
			<tags>
				<NeedsWork/>
				<Punishable>-10</Punishable>
			</tags>
		</move>
		<move>
			<id>36</id>
			<name>f+2, 1</name>
			<command>f+2, 5, +1</command>
			<hitLevel>m, m</hitLevel>
			<damage>10,12</damage>
			<StartUp>15</StartUp>
			<BlockFrame>-10</BlockFrame>
			<HitFrame>+1</HitFrame>
			<CounterHitFrame>+1</CounterHitFrame>
			<tags>
				<NeedsWork/>
				<Punishable>-10</Punishable>
			</tags>
		</move>
		<move>
			<id>37</id>
			<name>f+2, 1, 4</name>
			<command>f+2, 5, +1, 5, +4</command>
			<hitLevel>m, m, m</hitLevel>
			<damage>10,12,20</damage>
			<StartUp>15</StartUp>
			<BlockFrame>-13~-12</BlockFrame>
			<HitFrame>KND</HitFrame>
			<CounterHitFrame>KND</CounterHitFrame>
			<tags>
				<NeedsWork/>
				<Punishable>-12</Punishable>
			</tags>
		</move>
		<move>
			<id>38</id>
			<name>f+3</name>
			<command>f+3</command>
			<hitLevel>m</hitLevel>
			<damage>18</damage>
			<StartUp>16~18</StartUp>
			<BlockFrame>0~+2</BlockFrame>
			<HitFrame>+1~+3</HitFrame>
			<CounterHitFrame>CS</CounterHitFrame>
			<tags>
				<NeedsWork/>
			</tags>
		</move>
		<move>
			<id>39</id>
			<name>f+4</name>
			<command>f+4</command>
			<hitLevel>m</hitLevel>
			<damage>10</damage>
			<StartUp>18</StartUp>
			<BlockFrame>-9</BlockFrame>
			<HitFrame>0</HitFrame>
			<CounterHitFrame>0</CounterHitFrame>
			<tags>
				<NeedsWork/>
				<Safe/>
			</tags>
		</move>
		<move>
			<id>40</id>
			<name>f+4, 1</name>
			<command>f+4, 5, +1</command>
			<hitLevel>m, m</hitLevel>
			<damage>10,10</damage>
			<StartUp>18</StartUp>
			<BlockFrame>-13~-12s</BlockFrame>
			<HitFrame>JG</HitFrame>
			<CounterHitFrame>JG</CounterHitFrame>
			<tags>
				<NeedsWork/>
			</tags>
		</move>
		<move>
			<id>41</id>
			<name>f+1+2</name>
			<command>f+1+2</command>
			<hitLevel>h</hitLevel>
			<damage>22</damage>
			<StartUp>22~23</StartUp>
			<BlockFrame>+8~+9</BlockFrame>
			<HitFrame>KND</HitFrame>
			<CounterHitFrame>KND</CounterHitFrame>
			<tags>
				<NeedsWork/>
				<TailSpin/>
			</tags>
		</move>
		<move>
			<id>42</id>
			<name>f+1+4</name>
			<command>f+1+4</command>
			<hitLevel>!</hitLevel>
			<damage>21</damage>
			<StartUp>28</StartUp>
			<BlockFrame>-12</BlockFrame>
			<HitFrame>-12</HitFrame>
			<CounterHitFrame>-12</CounterHitFrame>
			<tags>
				<NeedsWork/>
				<Punishable>-12</Punishable>
			</tags>
		</move>
		<move>
			<id>43</id>
			<name>d/f+1</name>
			<command>d/f+1</command>
			<hitLevel>m</hitLevel>
			<damage>8</damage>
			<StartUp>15</StartUp>
			<BlockFrame>-5</BlockFrame>
			<HitFrame>+1</HitFrame>
			<CounterHitFrame>+1</CounterHitFrame>
			<tags>
				<NeedsWork/>
				<Safe/>
			</tags>
		</move>
		<move>
			<id>44</id>
			<name>D/F+1, 1</name>
			<command>D/F+1, 5, +1</command>
			<hitLevel>m, m</hitLevel>
			<damage>8,2</damage>
			<StartUp>15</StartUp>
			<BlockFrame>-10</BlockFrame>
			<HitFrame>-4</HitFrame>
			<CounterHitFrame>-4</CounterHitFrame>
			<tags>
				<NeedsWork/>
				<Punishable>-10</Punishable>
			</tags>
		</move>
		<move>
			<id>45</id>
			<name>D/F+1, 1, 1</name>
			<command>D/F+1, 5, +1, 5, +1</command>
			<hitLevel>m, m, m</hitLevel>
			<damage>8,2,2</damage>
			<StartUp>15</StartUp>
			<BlockFrame>-10</BlockFrame>
			<HitFrame>-4</HitFrame>
			<CounterHitFrame>-4</CounterHitFrame>
			<tags>
				<NeedsWork/>
				<Punishable>-10</Punishable>
			</tags>
		</move>
		<move>
			<id>46</id>
			<name>D/F+1, 1, 1, 1</name>
			<command>D/F+1, 5, +1, 5, +1, 5, +1</command>
			<hitLevel>m, m, m, m</hitLevel>
			<damage>8,2,2,2</damage>
			<StartUp>15</StartUp>
			<BlockFrame>-10</BlockFrame>
			<HitFrame>-4</HitFrame>
			<CounterHitFrame>-4</CounterHitFrame>
			<tags>
				<NeedsWork/>
				<Punishable>-10</Punishable>
			</tags>
		</move>
		<move>
			<id>47</id>
			<name>d/f+1, 2</name>
			<command>d/f+1, 5, +2</command>
			<hitLevel>m, m</hitLevel>
			<damage>8,20</damage>
			<StartUp>15</StartUp>
			<BlockFrame>-15</BlockFrame>
			<HitFrame>+1</HitFrame>
			<CounterHitFrame>KND</CounterHitFrame>
			<tags>
				<NeedsWork/>
				<Punishable>-15</Punishable>
			</tags>
		</move>
		<move>
			<id>48</id>
			<name>d/f+2</name>
			<command>d/f+2</command>
			<hitLevel>m</hitLevel>
			<damage>12</damage>
			<StartUp>13</StartUp>
			<BlockFrame>-6</BlockFrame>
			<HitFrame>+5</HitFrame>
			<CounterHitFrame>+5</CounterHitFrame>
			<tags>
				<NeedsWork/>
				<Safe/>
			</tags>
		</move>
		<move>
			<id>49</id>
			<name>d/f+2, 1</name>
			<command>d/f+2, 5, +1</command>
			<hitLevel>m, h</hitLevel>
			<damage>12,11</damage>
			<StartUp>13</StartUp>
			<BlockFrame>-4</BlockFrame>
			<HitFrame>+4</HitFrame>
			<CounterHitFrame>+4</CounterHitFrame>
			<tags>
				<NeedsWork/>
				<Safe/>
			</tags>
		</move>
		<move>
			<id>50</id>
			<name>d/f+2, 3</name>
			<command>d/f+2, 5, +3</command>
			<hitLevel>m, m</hitLevel>
			<damage>12,20</damage>
			<StartUp>13</StartUp>
			<BlockFrame>-13</BlockFrame>
			<HitFrame>CS</HitFrame>
			<CounterHitFrame>CS</CounterHitFrame>
			<tags>
				<NeedsWork/>
				<Punishable>-13</Punishable>
			</tags>
		</move>
		<move>
			<id>51</id>
			<name>d/f+3</name>
			<command>d/f+3</command>
			<hitLevel>l (TC)</hitLevel>
			<damage>20</damage>
			<StartUp>29~30s cs6~</StartUp>
			<BlockFrame>-26</BlockFrame>
			<HitFrame>KND</HitFrame>
			<CounterHitFrame>KND</CounterHitFrame>
			<tags>
				<NeedsWork/>
				<Punishable>-26</Punishable>
				<Homing/>
			</tags>
		</move>
		<move>
			<id>52</id>
			<name>d/f+4</name>
			<command>d/f+4</command>
			<hitLevel>m</hitLevel>
			<damage>23</damage>
			<StartUp>22~24</StartUp>
			<BlockFrame>-6~-4</BlockFrame>
			<HitFrame>KND</HitFrame>
			<CounterHitFrame>KND</CounterHitFrame>
			<tags>
				<NeedsWork/>
				<TailSpin/>
				<Homing/>
			</tags>
		</move>
		<move>
			<id>53</id>
			<name>d+2</name>
			<command>d+2</command>
			<hitLevel>m</hitLevel>
			<damage>14</damage>
			<StartUp>14~15</StartUp>
			<BlockFrame>-2~-1</BlockFrame>
			<HitFrame>+1~+2s</HitFrame>
			<CounterHitFrame>+8~+9s</CounterHitFrame>
			<tags>
				<NeedsWork/>
			</tags>
		</move>
		<move>
			<id>54</id>
			<name>d+2, 3</name>
			<command>d+2, 5, +3</command>
			<hitLevel>m, m</hitLevel>
			<damage>14,21</damage>
			<StartUp>14~15</StartUp>
			<BlockFrame>-10</BlockFrame>
			<HitFrame>KND</HitFrame>
			<CounterHitFrame>Launch</CounterHitFrame>
			<tags>
				<NeedsWork/>
				<Punishable>-10</Punishable>
			</tags>
		</move>
		<move>
			<id>55</id>
			<name>d+3</name>
			<command>d+3</command>
			<hitLevel>l</hitLevel>
			<damage>10</damage>
			<StartUp>16</StartUp>
			<BlockFrame>-11</BlockFrame>
			<HitFrame>0</HitFrame>
			<CounterHitFrame>0</CounterHitFrame>
			<tags>
				<NeedsWork/>
				<Punishable>-11</Punishable>
			</tags>
		</move>
		<move>
			<id>56</id>
			<name>d+3, 2</name>
			<command>d+3, 5, +2</command>
			<hitLevel>l, h</hitLevel>
			<damage>10,22</damage>
			<StartUp>16</StartUp>
			<BlockFrame>-7</BlockFrame>
			<HitFrame>KND</HitFrame>
			<CounterHitFrame>KND</CounterHitFrame>
			<tags>
				<NeedsWork/>
				<Safe/>
			</tags>
		</move>
		<move>
			<id>57</id>
			<name>d+4</name>
			<command>d+4</command>
			<hitLevel>l</hitLevel>
			<damage>11</damage>
			<StartUp>15</StartUp>
			<BlockFrame>-11</BlockFrame>
			<HitFrame>0</HitFrame>
			<CounterHitFrame>0</CounterHitFrame>
			<tags>
				<NeedsWork/>
				<Punishable>-11</Punishable>
			</tags>
		</move>
		<move>
			<id>58</id>
			<name>d+1+2 FC+1+2</name>
			<command>d+1+2 FC+1+2</command>
			<hitLevel>mm (TC)</hitLevel>
			<damage>10,15</damage>
			<StartUp>17,35 cs6~16</StartUp>
			<BlockFrame>-10</BlockFrame>
			<HitFrame>+3</HitFrame>
			<CounterHitFrame>+3</CounterHitFrame>
			<tags>
				<NeedsWork/>
				<Punishable>-10</Punishable>
			</tags>
		</move>
		<move>
			<id>59</id>
			<name>d+1+2 FC+1+2 (Second hit miss)</name>
			<command>d+1+2 FC+1+2 (Second hit miss)</command>
			<hitLevel>m</hitLevel>
			<damage>10</damage>
			<StartUp>17 cs6~16</StartUp>
			<BlockFrame>-28</BlockFrame>
			<HitFrame>-17</HitFrame>
			<CounterHitFrame>-17</CounterHitFrame>
			<tags>
				<NeedsWork/>
				<Punishable>-28</Punishable>
			</tags>
		</move>
		<move>
			<id>60</id>
			<name>d+1+2, 3</name>
			<command>d+1+2, 5, +3</command>
			<hitLevel>mm, l</hitLevel>
			<damage>10,15,20</damage>
			<StartUp>17 6~16</StartUp>
			<BlockFrame>-13~-12</BlockFrame>
			<HitFrame>+4~+5</HitFrame>
			<CounterHitFrame>KND</CounterHitFrame>
			<tags>
				<NeedsWork/>
				<Punishable>-12</Punishable>
			</tags>
		</move>
		<move>
			<id>61</id>
			<name>d+1+2, F</name>
			<command>d+1+2, 5, F</command>
			<hitLevel>m, (CD)</hitLevel>
			<damage>10</damage>
			<StartUp>s cs6~16</StartUp>
			<BlockFrame>-1</BlockFrame>
			<HitFrame>+10g</HitFrame>
			<CounterHitFrame>+10g</CounterHitFrame>
			<tags>
				<NeedsWork/>
				<Safe/>
			</tags>
		</move>
		<move>
			<id>62</id>
			<name>d+1+2, B</name>
			<command>d+1+2, 5, B</command>
			<hitLevel>m, (SWAY)</hitLevel>
			<damage>10</damage>
			<StartUp>s cs6~16</StartUp>
			<BlockFrame>-8</BlockFrame>
			<HitFrame>+3</HitFrame>
			<CounterHitFrame>+3</CounterHitFrame>
			<tags>
				<NeedsWork/>
				<Safe/>
			</tags>
		</move>
		<move>
			<id>63</id>
			<name>d+1+2~2</name>
			<command>d+1+2~2</command>
			<hitLevel>m</hitLevel>
			<damage>24</damage>
			<StartUp>45</StartUp>
			<BlockFrame>+2</BlockFrame>
			<HitFrame>KND</HitFrame>
			<CounterHitFrame>KND</CounterHitFrame>
			<tags>
				<NeedsWork/>
				<Safe/>
			</tags>
		</move>
		<move>
			<id>64</id>
			<name>d+3+4</name>
			<command>d+3+4</command>
			<hitLevel>l</hitLevel>
			<damage>15</damage>
			<StartUp>19</StartUp>
			<BlockFrame>-12</BlockFrame>
			<HitFrame>-1</HitFrame>
			<CounterHitFrame>+4</CounterHitFrame>
			<tags>
				<NeedsWork/>
				<Punishable>-12</Punishable>
			</tags>
		</move>
		<move>
			<id>65</id>
			<name>d+3+4, 2</name>
			<command>d+3+4, 5, +2</command>
			<hitLevel>l, m?</hitLevel>
			<damage>15,23</damage>
			<StartUp>19</StartUp>
			<BlockFrame>-12</BlockFrame>
			<HitFrame>KND</HitFrame>
			<CounterHitFrame>KND</CounterHitFrame>
			<tags>
				<NeedsWork/>
				<Punishable>-12</Punishable>
			</tags>
		</move>
		<move>
			<id>66</id>
			<name>d+3+4, 2, d/b (Cancel)</name>
			<command>d+3+4, 5, +2, 5, d/b (Cancel)</command>
			<hitLevel>l, (Special)</hitLevel>
			<damage>15</damage>
			<StartUp>19s</StartUp>
			<BlockFrame>-23</BlockFrame>
			<HitFrame>-12</HitFrame>
			<CounterHitFrame>-7</CounterHitFrame>
			<tags>
				<NeedsWork/>
				<Punishable>-23</Punishable>
			</tags>
		</move>
		<move>
			<id>67</id>
			<name>d/b+2</name>
			<command>d/b+2</command>
			<hitLevel>m?</hitLevel>
			<damage>13</damage>
			<StartUp>15~17</StartUp>
			<BlockFrame>-6~-4</BlockFrame>
			<HitFrame>+8~+10g</HitFrame>
			<CounterHitFrame>+8~+10g</CounterHitFrame>
			<tags>
				<NeedsWork/>
			</tags>
		</move>
		<move>
			<id>68</id>
			<name>d/b+3</name>
			<command>d/b+3</command>
			<hitLevel>l (TC)</hitLevel>
			<damage>11</damage>
			<StartUp>16~17s cs6~</StartUp>
			<BlockFrame>-12~-11</BlockFrame>
			<HitFrame>-1~0</HitFrame>
			<CounterHitFrame>+4~+5</CounterHitFrame>
			<tags>
				<NeedsWork/>
				<Punishable>-11</Punishable>
			</tags>
		</move>
		<move>
			<id>69</id>
			<name>d/b+1+2</name>
			<command>d/b+1+2</command>
			<hitLevel>mh</hitLevel>
			<damage>14,25</damage>
			<StartUp>15,27</StartUp>
			<BlockFrame>-13</BlockFrame>
			<HitFrame>KND</HitFrame>
			<CounterHitFrame>KND</CounterHitFrame>
			<tags>
				<NeedsWork/>
				<Punishable>-13</Punishable>
			</tags>
		</move>
		<move>
			<id>70</id>
			<name>b+1</name>
			<command>b+1</command>
			<hitLevel>m</hitLevel>
			<damage>21</damage>
			<StartUp>20</StartUp>
			<BlockFrame>+3</BlockFrame>
			<HitFrame>+7s</HitFrame>
			<CounterHitFrame>JG</CounterHitFrame>
			<tags>
				<NeedsWork/>
				<Safe/>
			</tags>
		</move>
		<move>
			<id>71</id>
			<name>b+2</name>
			<command>b+2</command>
			<hitLevel>h</hitLevel>
			<damage>18</damage>
			<StartUp>17</StartUp>
			<BlockFrame>-7</BlockFrame>
			<HitFrame>+4</HitFrame>
			<CounterHitFrame>CS</CounterHitFrame>
			<tags>
				<NeedsWork/>
				<Safe/>
			</tags>
		</move>
		<move>
			<id>72</id>
			<name>b+2, 1</name>
			<command>b+2, 5, +1</command>
			<hitLevel>h, h</hitLevel>
			<damage>18,17</damage>
			<StartUp>17</StartUp>
			<BlockFrame>0</BlockFrame>
			<HitFrame>CS</HitFrame>
			<CounterHitFrame>CS</CounterHitFrame>
			<tags>
				<NeedsWork/>
				<Safe/>
			</tags>
		</move>
		<move>
			<id>73</id>
			<name>b+2, 1, 2</name>
			<command>b+2, 5, +1, 5, +2</command>
			<hitLevel>h, h, h</hitLevel>
			<damage>18,17,22</damage>
			<StartUp>17</StartUp>
			<BlockFrame>-9</BlockFrame>
			<HitFrame>KND</HitFrame>
			<CounterHitFrame>KND</CounterHitFrame>
			<tags>
				<NeedsWork/>
				<Safe/>
			</tags>
		</move>
		<move>
			<id>74</id>
			<name>b+2, 1, u or d (Cancel)</name>
			<command>b+2, 5, +1, 5, u or d (Cancel)</command>
			<hitLevel>h</hitLevel>
			<damage>18</damage>
			<StartUp>17</StartUp>
			<BlockFrame>-10</BlockFrame>
			<HitFrame>+1</HitFrame>
			<CounterHitFrame>CS</CounterHitFrame>
			<tags>
				<NeedsWork/>
				<Punishable>-10</Punishable>
			</tags>
		</move>
		<move>
			<id>75</id>
			<name>b+2, 4</name>
			<command>b+2, 5, +4</command>
			<hitLevel>h, m (TJ)</hitLevel>
			<damage>18,21</damage>
			<StartUp>js16~</StartUp>
			<BlockFrame>-5</BlockFrame>
			<HitFrame>KND</HitFrame>
			<CounterHitFrame>KND</CounterHitFrame>
			<tags>
				<NeedsWork/>
				<Safe/>
				<TailSpin/>
			</tags>
		</move>
		<move>
			<id>76</id>
			<name>b+2, 1, 4</name>
			<command>b+2, 5, +1, 5, +4</command>
			<hitLevel>h, h, m (TJ)</hitLevel>
			<damage>18,17,21</damage>
			<StartUp>js16~</StartUp>
			<BlockFrame>-5~-4</BlockFrame>
			<HitFrame>KND</HitFrame>
			<CounterHitFrame>KND</CounterHitFrame>
			<tags>
				<NeedsWork/>
				<TailSpin/>
			</tags>
		</move>
		<move>
			<id>77</id>
			<name>b+3</name>
			<command>b+3</command>
			<hitLevel>m</hitLevel>
			<damage>12</damage>
			<StartUp>19</StartUp>
			<BlockFrame>-7</BlockFrame>
			<HitFrame>+4</HitFrame>
			<CounterHitFrame>+4</CounterHitFrame>
			<tags>
				<NeedsWork/>
				<Safe/>
			</tags>
		</move>
		<move>
			<id>78</id>
			<name>b+3, F or d/F</name>
			<command>b+3, 5, F or d/F</command>
			<hitLevel>m, (Special) (TC)(CD)</hitLevel>
			<damage>12</damage>
			<StartUp>20</StartUp>
			<BlockFrame>+1</BlockFrame>
			<HitFrame>+12g</HitFrame>
			<CounterHitFrame>+12</CounterHitFrame>
			<tags>
				<NeedsWork/>
				<Safe/>
			</tags>
		</move>
		<move>
			<id>79</id>
			<name>b+3, 2</name>
			<command>b+3, 5, +2</command>
			<hitLevel>m, h</hitLevel>
			<damage>12,12</damage>
			<StartUp>20</StartUp>
			<BlockFrame>-4</BlockFrame>
			<HitFrame>+7</HitFrame>
			<CounterHitFrame>+7</CounterHitFrame>
			<tags>
				<NeedsWork/>
				<Safe/>
			</tags>
		</move>
		<move>
			<id>80</id>
			<name>b+3, 2, 1</name>
			<command>b+3, 5, +2, 5, +1</command>
			<hitLevel>m, h, m</hitLevel>
			<damage>12,12,10</damage>
			<StartUp>20</StartUp>
			<BlockFrame>-9</BlockFrame>
			<HitFrame>+2</HitFrame>
			<CounterHitFrame>+2</CounterHitFrame>
			<tags>
				<NeedsWork/>
				<Safe/>
			</tags>
		</move>
		<move>
			<id>81</id>
			<name>b+3, 2, 1, 2</name>
			<command>b+3, 5, +2, 5, +1, 5, +2</command>
			<hitLevel>m, h, m, m</hitLevel>
			<damage>12,12,10,14</damage>
			<StartUp>20</StartUp>
			<BlockFrame>-10</BlockFrame>
			<HitFrame>KND</HitFrame>
			<CounterHitFrame>KND</CounterHitFrame>
			<tags>
				<NeedsWork/>
				<Punishable>-10</Punishable>
			</tags>
		</move>
		<move>
			<id>82</id>
			<name>b+3, 2, 1, 4</name>
			<command>b+3, 5, +2, 5, +1, 5, +4</command>
			<hitLevel>m, h, m, l</hitLevel>
			<damage>12,12,10,12</damage>
			<StartUp>20</StartUp>
			<BlockFrame>-11</BlockFrame>
			<HitFrame>0</HitFrame>
			<CounterHitFrame>0</CounterHitFrame>
			<tags>
				<NeedsWork/>
				<Punishable>-11</Punishable>
			</tags>
		</move>
		<move>
			<id>83</id>
			<name>b+3, 4</name>
			<command>b+3, 5, +4</command>
			<hitLevel>m, m</hitLevel>
			<damage>12,18</damage>
			<StartUp>20</StartUp>
			<BlockFrame>-12</BlockFrame>
			<HitFrame>-2</HitFrame>
			<CounterHitFrame>-2</CounterHitFrame>
			<tags>
				<NeedsWork/>
				<Punishable>-12</Punishable>
			</tags>
		</move>
		<move>
			<id>84</id>
			<name>b+3, 1+2</name>
			<command>b+3, 5, +1+2</command>
			<hitLevel>m, m</hitLevel>
			<damage>12,25</damage>
			<StartUp>20</StartUp>
			<BlockFrame>-6</BlockFrame>
			<HitFrame>+4s</HitFrame>
			<CounterHitFrame>KND</CounterHitFrame>
			<tags>
				<NeedsWork/>
				<Safe/>
			</tags>
		</move>
		<move>
			<id>85</id>
			<name>b+3, 1+2, D</name>
			<command>b+3, 5, +1+2, 5, D</command>
			<hitLevel>m, m</hitLevel>
			<damage>12,25</damage>
			<StartUp>20s</StartUp>
			<BlockFrame>-6</BlockFrame>
			<HitFrame>+4s</HitFrame>
			<CounterHitFrame>KND</CounterHitFrame>
			<tags>
				<NeedsWork/>
				<Safe/>
			</tags>
		</move>
		<move>
			<id>86</id>
			<name>b+4</name>
			<command>b+4</command>
			<hitLevel>m</hitLevel>
			<damage>18</damage>
			<StartUp>16</StartUp>
			<BlockFrame>-10</BlockFrame>
			<HitFrame>+15</HitFrame>
			<CounterHitFrame>+15</CounterHitFrame>
			<tags>
				<NeedsWork/>
				<Punishable>-10</Punishable>
			</tags>
		</move>
		<move>
			<id>87</id>
			<name>b+1+3 or b+2+4</name>
			<command>b+1+3 or b+2+4</command>
			<hitLevel>Absorbs 1 h/m hit</hitLevel>
			<damage/>
			<StartUp>2~10</StartUp>
			<BlockFrame/>
			<HitFrame>+3</HitFrame>
			<CounterHitFrame/>
			<tags>
				<NeedsWork/>
			</tags>
		</move>
		<move>
			<id>88</id>
			<name>1 When parrying 2</name>
			<command>1 When parrying 2</command>
			<hitLevel>h</hitLevel>
			<damage>30</damage>
			<StartUp>13~14</StartUp>
			<BlockFrame>-10~-9</BlockFrame>
			<HitFrame>KND</HitFrame>
			<CounterHitFrame>KND</CounterHitFrame>
			<tags>
				<NeedsWork/>
			</tags>
		</move>
		<move>
			<id>89</id>
			<name>2 When parrying 2</name>
			<command>2 When parrying 2</command>
			<hitLevel>m</hitLevel>
			<damage>22</damage>
			<StartUp>15</StartUp>
			<BlockFrame>-5</BlockFrame>
			<HitFrame>+7</HitFrame>
			<CounterHitFrame>+7</CounterHitFrame>
			<tags>
				<NeedsWork/>
				<Safe/>
			</tags>
		</move>
		<move>
			<id>90</id>
			<name>b+1+4</name>
			<command>b+1+4</command>
			<hitLevel>!</hitLevel>
			<damage>45</damage>
			<StartUp>53</StartUp>
			<BlockFrame>KND</BlockFrame>
			<HitFrame>KND</HitFrame>
			<CounterHitFrame>KND</CounterHitFrame>
			<tags>
				<NeedsWork/>
			</tags>
		</move>
		<move>
			<id>91</id>
			<name>u/b+1+2</name>
			<command>u/b+1+2</command>
			<hitLevel>mm</hitLevel>
			<damage>5,2</damage>
			<StartUp>15,27</StartUp>
			<BlockFrame>-16</BlockFrame>
			<HitFrame>-6</HitFrame>
			<CounterHitFrame>-6</CounterHitFrame>
			<tags>
				<NeedsWork/>
				<Punishable>-16</Punishable>
			</tags>
		</move>
		<move>
			<id>92</id>
			<name>u/b+1+2 (Second hit miss)</name>
			<command>u/b+1+2 (Second hit miss)</command>
			<hitLevel>m</hitLevel>
			<damage>5</damage>
			<StartUp>15</StartUp>
			<BlockFrame>-18</BlockFrame>
			<HitFrame>-7</HitFrame>
			<CounterHitFrame>-7</CounterHitFrame>
			<tags>
				<NeedsWork/>
				<Punishable>-18</Punishable>
			</tags>
		</move>
		<move>
			<id>93</id>
			<name>u/b+1+2, 1</name>
			<command>u/b+1+2, 5, +1</command>
			<hitLevel>mm, m</hitLevel>
			<damage>5,2,2</damage>
			<StartUp>15</StartUp>
			<BlockFrame>-13</BlockFrame>
			<HitFrame>-3</HitFrame>
			<CounterHitFrame>-3</CounterHitFrame>
			<tags>
				<NeedsWork/>
				<Punishable>-13</Punishable>
			</tags>
		</move>
		<move>
			<id>94</id>
			<name>u/b+1+2, 1, 2</name>
			<command>u/b+1+2, 5, +1, 5, +2</command>
			<hitLevel>mm, m, m</hitLevel>
			<damage>5,2,2,2</damage>
			<StartUp>15</StartUp>
			<BlockFrame>-16</BlockFrame>
			<HitFrame>-6</HitFrame>
			<CounterHitFrame>-6</CounterHitFrame>
			<tags>
				<NeedsWork/>
				<Punishable>-16</Punishable>
			</tags>
		</move>
		<move>
			<id>95</id>
			<name>u/b+1+2, 1, 2, 1</name>
			<command>u/b+1+2, 5, +1, 5, +2, 5, +1</command>
			<hitLevel>mm, m, m, m</hitLevel>
			<damage>5,2,2,2,2</damage>
			<StartUp>15</StartUp>
			<BlockFrame>-13</BlockFrame>
			<HitFrame>-3</HitFrame>
			<CounterHitFrame>-3</CounterHitFrame>
			<tags>
				<NeedsWork/>
				<Punishable>-13</Punishable>
			</tags>
		</move>
		<move>
			<id>96</id>
			<name>u/b+1+2, 1, 2, 1, 2</name>
			<command>u/b+1+2, 5, +1, 5, +2, 5, +1, 5, +2</command>
			<hitLevel>mm, m, m, m, m</hitLevel>
			<damage>5,2,2,2,2,2</damage>
			<StartUp>15</StartUp>
			<BlockFrame>-16</BlockFrame>
			<HitFrame>-6</HitFrame>
			<CounterHitFrame>-6</CounterHitFrame>
			<tags>
				<NeedsWork/>
				<Punishable>-16</Punishable>
			</tags>
		</move>
		<move>
			<id>97</id>
			<name>u/b+1+2, 1, 2, 1, 2, 1</name>
			<command>u/b+1+2, 5, +1, 5, +2, 5, +1, 5, +2, 5, +1</command>
			<hitLevel>mm, m, m, m, m, m</hitLevel>
			<damage>5,2,2,2,2,2,2</damage>
			<StartUp>15</StartUp>
			<BlockFrame>-13</BlockFrame>
			<HitFrame>-3</HitFrame>
			<CounterHitFrame>-3</CounterHitFrame>
			<tags>
				<NeedsWork/>
				<Punishable>-13</Punishable>
			</tags>
		</move>
		<move>
			<id>98</id>
			<name>u/b+1+2, 1, 2, 1, 2, 1, 2</name>
			<command>u/b+1+2, 5, +1, 5, +2, 5, +1, 5, +2, 5, +1, 5, +2</command>
			<hitLevel>mm, m, m, m, m, m, m</hitLevel>
			<damage>5,2,2,2,2,2,2,2</damage>
			<StartUp>15</StartUp>
			<BlockFrame>-16</BlockFrame>
			<HitFrame>-6</HitFrame>
			<CounterHitFrame>-6</CounterHitFrame>
			<tags>
				<NeedsWork/>
				<Punishable>-16</Punishable>
			</tags>
		</move>
		<move>
			<id>99</id>
			<name>u/b+1+2, 1, 2, 1, 2, 1, 2, 1</name>
			<command>u/b+1+2, 5, +1, 5, +2, 5, +1, 5, +2, 5, +1, 5, +2, 5, +1</command>
			<hitLevel>mm, m, m, m, m, m, m, m</hitLevel>
			<damage>5,2,2,2,2,2,2,2,2,2</damage>
			<StartUp>15</StartUp>
			<BlockFrame>-13</BlockFrame>
			<HitFrame>-3</HitFrame>
			<CounterHitFrame>-3</CounterHitFrame>
			<tags>
				<NeedsWork/>
				<Punishable>-13</Punishable>
			</tags>
		</move>
		<move>
			<id>100</id>
			<name>u/b+1+2, 1, 2, 1, 2, 1, 2, 1, 2</name>
			<command>u/b+1+2, 5, +1, 5, +2, 5, +1, 5, +2, 5, +1, 5, +2, 5, +1, 5, +2</command>
			<hitLevel>mm, m, m, m, m, m, m, m, m</hitLevel>
			<damage>5,2,2,2,2,2,2,2,2,2</damage>
			<StartUp>15</StartUp>
			<BlockFrame>-16</BlockFrame>
			<HitFrame>-6</HitFrame>
			<CounterHitFrame>-6</CounterHitFrame>
			<tags>
				<NeedsWork/>
				<Punishable>-16</Punishable>
			</tags>
		</move>
		<move>
			<id>101</id>
			<name>u/b+1+2, 1, 2, 1, 2, 1, 2, 1, 2, 1</name>
			<command>u/b+1+2, 5, +1, 5, +2, 5, +1, 5, +2, 5, +1, 5, +2, 5, +1, 5, +2, 5, +1</command>
			<hitLevel>mm, m, m, m, m, m, m, m, m, m</hitLevel>
			<damage>5,2,2,2,2,2,2,2,2,2,2</damage>
			<StartUp>15</StartUp>
			<BlockFrame>-32</BlockFrame>
			<HitFrame>-15</HitFrame>
			<CounterHitFrame>-15</CounterHitFrame>
			<tags>
				<NeedsWork/>
				<Punishable>-32</Punishable>
			</tags>
		</move>
		<move>
			<id>102</id>
			<name>u/b+1+2, 1, 2, 1, 2, 1, 2, 1, 2, 1, 4</name>
			<command>u/b+1+2, 5, +1, 5, +2, 5, +1, 5, +2, 5, +1, 5, +2, 5, +1, 5, +2, 5, +1, 5, +4</command>
			<hitLevel>mm, m, m, m, m, m, m, m, m, m, m</hitLevel>
			<damage>5,2,2,2,2,2,2,2,2,2,2,14</damage>
			<StartUp>15</StartUp>
			<BlockFrame>-35</BlockFrame>
			<HitFrame>KND</HitFrame>
			<CounterHitFrame>KND</CounterHitFrame>
			<tags>
				<NeedsWork/>
				<Punishable>-35</Punishable>
			</tags>
		</move>
		<move>
			<id>103</id>
			<name>u or u/f+3</name>
			<command>u or u/f+3</command>
			<hitLevel>m (TJ)</hitLevel>
			<damage>15</damage>
			<StartUp>27~28 js9~</StartUp>
			<BlockFrame>0~+1</BlockFrame>
			<HitFrame>KND</HitFrame>
			<CounterHitFrame>KND</CounterHitFrame>
			<tags>
				<NeedsWork/>
			</tags>
		</move>
		<move>
			<id>104</id>
			<name>u+4</name>
			<command>u+4</command>
			<hitLevel>m (TJ)</hitLevel>
			<damage>21</damage>
			<StartUp>24~26 js9~</StartUp>
			<BlockFrame>-5~-3</BlockFrame>
			<HitFrame>KND</HitFrame>
			<CounterHitFrame>KND</CounterHitFrame>
			<tags>
				<NeedsWork/>
			</tags>
		</move>
		<move>
			<id>105</id>
			<name>u/f+4</name>
			<command>u/f+4</command>
			<hitLevel>m (TJ)</hitLevel>
			<damage>22</damage>
			<StartUp>24~26 js9~</StartUp>
			<BlockFrame>-5~-3</BlockFrame>
			<HitFrame>KND</HitFrame>
			<CounterHitFrame>KND</CounterHitFrame>
			<tags>
				<NeedsWork/>
			</tags>
		</move>
		<move>
			<id>106</id>
			<name>f, F+2</name>
			<command>f, 5, F+2</command>
			<hitLevel>h</hitLevel>
			<damage>32</damage>
			<StartUp>13(14~) pc6~12</StartUp>
			<BlockFrame>-10</BlockFrame>
			<HitFrame>KND</HitFrame>
			<CounterHitFrame>KND</CounterHitFrame>
			<tags>
				<NeedsWork/>
				<Punishable>-10</Punishable>
				<PowerCrush/>
			</tags>
		</move>
		<move>
			<id>107</id>
			<name>f, F+3</name>
			<command>f, 5, F+3</command>
			<hitLevel>m</hitLevel>
			<damage>25</damage>
			<StartUp>22~23 (23~)</StartUp>
			<BlockFrame>-13~-12</BlockFrame>
			<HitFrame>KND</HitFrame>
			<CounterHitFrame>KND</CounterHitFrame>
			<tags>
				<NeedsWork/>
				<Punishable>-12</Punishable>
				<TailSpin/>
			</tags>
		</move>
		<move>
			<id>108</id>
			<name>f, F+3* (Very long hold)</name>
			<command>f, 5, F+3* (Very long hold)</command>
			<hitLevel>m</hitLevel>
			<damage>33</damage>
			<StartUp>34~35 (35~)</StartUp>
			<BlockFrame>+8~+9</BlockFrame>
			<HitFrame>KND</HitFrame>
			<CounterHitFrame>KND</CounterHitFrame>
			<tags>
				<NeedsWork/>
				<TailSpin/>
			</tags>
		</move>
		<move>
			<id>109</id>
			<name>f, F+4</name>
			<command>f, 5, F+4</command>
			<hitLevel>h</hitLevel>
			<damage>32</damage>
			<StartUp>16~19 (17~)</StartUp>
			<BlockFrame>-10~-7s</BlockFrame>
			<HitFrame>KND</HitFrame>
			<CounterHitFrame>KND</CounterHitFrame>
			<tags>
				<NeedsWork/>
				<Homing/>
				<TailSpin/>
			</tags>
		</move>
		<move>
			<id>110</id>
			<name>f, b+2</name>
			<command>f, 5, b+2</command>
			<hitLevel>h</hitLevel>
			<damage>20</damage>
			<StartUp>14~15 (14~)</StartUp>
			<BlockFrame>-7~-6</BlockFrame>
			<HitFrame>Launch</HitFrame>
			<CounterHitFrame>Launch</CounterHitFrame>
			<tags>
				<NeedsWork/>
			</tags>
		</move>
		<move>
			<id>111</id>
			<name>b, d/f+4</name>
			<command>b, 5, d/f+4</command>
			<hitLevel>l</hitLevel>
			<damage>25</damage>
			<StartUp>29(29~)</StartUp>
			<BlockFrame>-13</BlockFrame>
			<HitFrame>+14g</HitFrame>
			<CounterHitFrame>KND</CounterHitFrame>
			<tags>
				<NeedsWork/>
				<Punishable>-13</Punishable>
			</tags>
		</move>
		<move>
			<id>112</id>
			<name>b, B+4</name>
			<command>b, 5, B+4</command>
			<hitLevel>m(h)</hitLevel>
			<damage>24</damage>
			<StartUp>21~33d js18~ (24~)</StartUp>
			<BlockFrame>-19~-7</BlockFrame>
			<HitFrame>KND</HitFrame>
			<CounterHitFrame>KND</CounterHitFrame>
			<tags>
				<NeedsWork/>
			</tags>
		</move>
		<move>
			<id>113</id>
			<name>f, f, f+3</name>
			<command>f, 5, f, 5, f+3</command>
			<hitLevel>m</hitLevel>
			<damage>30</damage>
			<StartUp>22~25 (25~) js3~</StartUp>
			<BlockFrame>+9~+12g</BlockFrame>
			<HitFrame>KND</HitFrame>
			<CounterHitFrame>KND</CounterHitFrame>
			<tags>
				<NeedsWork/>
			</tags>
		</move>
		<move>
			<id>114</id>
			<name>WS+1</name>
			<command>WS+1</command>
			<hitLevel>m</hitLevel>
			<damage>20</damage>
			<StartUp>15~16</StartUp>
			<BlockFrame>-16~-15</BlockFrame>
			<HitFrame>Launch (JG?)</HitFrame>
			<CounterHitFrame>Launch (JG?)</CounterHitFrame>
			<tags>
				<NeedsWork/>
				<Punishable>-15</Punishable>
			</tags>
		</move>
		<move>
			<id>115</id>
			<name>WS+2 (to GUP)</name>
			<command>WS+2 (to GUP)</command>
			<hitLevel>m(GUP)</hitLevel>
			<damage>18</damage>
			<StartUp>19</StartUp>
			<BlockFrame>-10</BlockFrame>
			<HitFrame>+1</HitFrame>
			<CounterHitFrame>+1</CounterHitFrame>
			<tags>
				<NeedsWork/>
				<Punishable>-10</Punishable>
			</tags>
		</move>
		<move>
			<id>116</id>
			<name>GUP When hit b or F+2</name>
			<command>GUP When hit b or F+2</command>
			<hitLevel>m, (throw)</hitLevel>
			<damage>18,25</damage>
			<StartUp>19</StartUp>
			<BlockFrame>-10</BlockFrame>
			<HitFrame>Throw(KND)</HitFrame>
			<CounterHitFrame>Throw(KND)</CounterHitFrame>
			<tags>
				<NeedsWork/>
				<Punishable>-10</Punishable>
			</tags>
		</move>
		<move>
			<id>117</id>
			<name>WS+3</name>
			<command>WS+3</command>
			<hitLevel>m</hitLevel>
			<damage>18</damage>
			<StartUp>12</StartUp>
			<BlockFrame>-10</BlockFrame>
			<HitFrame>+4</HitFrame>
			<CounterHitFrame>uKZD</CounterHitFrame>
			<tags>
				<NeedsWork/>
				<Punishable>-10</Punishable>
			</tags>
		</move>
		<move>
			<id>118</id>
			<name>WS+3, 4</name>
			<command>WS+3, 5, +4</command>
			<hitLevel>m, m</hitLevel>
			<damage>18,25</damage>
			<StartUp>12</StartUp>
			<BlockFrame>-10</BlockFrame>
			<HitFrame>+4</HitFrame>
			<CounterHitFrame>+29G</CounterHitFrame>
			<tags>
				<NeedsWork/>
				<Punishable>-10</Punishable>
			</tags>
		</move>
		<move>
			<id>119</id>
			<name>WS+4</name>
			<command>WS+4</command>
			<hitLevel>m</hitLevel>
			<damage>16</damage>
			<StartUp>11~12</StartUp>
			<BlockFrame>-6~-5</BlockFrame>
			<HitFrame>+5~+6</HitFrame>
			<CounterHitFrame>+5~+6</CounterHitFrame>
			<tags>
				<NeedsWork/>
			</tags>
		</move>
		<move>
			<id>120</id>
			<name>WS+1+2</name>
			<command>WS+1+2</command>
			<hitLevel>m</hitLevel>
			<damage>12</damage>
			<StartUp>10~11</StartUp>
			<BlockFrame>-5~-4</BlockFrame>
			<HitFrame>+6~+7</HitFrame>
			<CounterHitFrame>+6~+7</CounterHitFrame>
			<tags>
				<NeedsWork/>
			</tags>
		</move>
		<move>
			<id>121</id>
			<name>FC+d/f+4</name>
			<command>FC+d/f+4</command>
			<hitLevel>m</hitLevel>
			<damage>21</damage>
			<StartUp>15~16 cs1~14</StartUp>
			<BlockFrame>-10~-9</BlockFrame>
			<HitFrame>+13~+14kg</HitFrame>
			<CounterHitFrame>KND</CounterHitFrame>
			<tags>
				<NeedsWork/>
				<TailSpin/>
			</tags>
		</move>
		<move>
			<id>122</id>
			<name>SS+1</name>
			<command>SS+1</command>
			<hitLevel>h</hitLevel>
			<damage>23</damage>
			<StartUp>17~18 (26~)</StartUp>
			<BlockFrame>-5~-4</BlockFrame>
			<HitFrame>CS</HitFrame>
			<CounterHitFrame>CS</CounterHitFrame>
			<tags>
				<NeedsWork/>
				<TailSpin/>
			</tags>
		</move>
		<move>
			<id>123</id>
			<name>SS+2</name>
			<command>SS+2</command>
			<hitLevel>m</hitLevel>
			<damage>20</damage>
			<StartUp>20~21 (29~)</StartUp>
			<BlockFrame>-6~-5</BlockFrame>
			<HitFrame>KND</HitFrame>
			<CounterHitFrame>KND</CounterHitFrame>
			<tags>
				<NeedsWork/>
			</tags>
		</move>
		<move>
			<id>124</id>
			<name>SS+2, 3</name>
			<command>SS+2, 5, +3</command>
			<hitLevel>m, l</hitLevel>
			<damage>20,20</damage>
			<StartUp>20~21 (29~)</StartUp>
			<BlockFrame>-13~-12</BlockFrame>
			<HitFrame>+5~+6</HitFrame>
			<CounterHitFrame>KND</CounterHitFrame>
			<tags>
				<NeedsWork/>
				<Punishable>-12</Punishable>
			</tags>
		</move>
		<move>
			<id>125</id>
			<name>qcf or In certain strings F (to CD)</name>
			<command>qcf or In certain strings F (to CD)</command>
			<hitLevel>(Special) (TC)(CD)</hitLevel>
			<damage/>
			<StartUp>s</StartUp>
			<BlockFrame/>
			<HitFrame/>
			<CounterHitFrame/>
			<tags>
				<NeedsWork/>
			</tags>
		</move>
		<move>
			<id>126</id>
			<name>qcf+1</name>
			<command>qcf+1</command>
			<hitLevel>m</hitLevel>
			<damage>20</damage>
			<StartUp>15~16 (17~)</StartUp>
			<BlockFrame>-16~-15</BlockFrame>
			<HitFrame>JG</HitFrame>
			<CounterHitFrame>JG</CounterHitFrame>
			<tags>
				<NeedsWork/>
				<Punishable>-15</Punishable>
			</tags>
		</move>
		<move>
			<id>127</id>
			<name>qcf+2</name>
			<command>qcf+2</command>
			<hitLevel>h</hitLevel>
			<damage>18</damage>
			<StartUp>14(16~)</StartUp>
			<BlockFrame>-6</BlockFrame>
			<HitFrame>+4</HitFrame>
			<CounterHitFrame>+4</CounterHitFrame>
			<tags>
				<NeedsWork/>
				<Safe/>
			</tags>
		</move>
		<move>
			<id>128</id>
			<name>qcf+2, 1</name>
			<command>qcf+2, 5, +1</command>
			<hitLevel>h, m</hitLevel>
			<damage>26</damage>
			<StartUp>14(16~)</StartUp>
			<BlockFrame>-11</BlockFrame>
			<HitFrame>KND</HitFrame>
			<CounterHitFrame>KND</CounterHitFrame>
			<tags>
				<NeedsWork/>
				<Punishable>-11</Punishable>
			</tags>
		</move>
		<move>
			<id>129</id>
			<name>qcf+1+2</name>
			<command>qcf+1+2</command>
			<hitLevel>m?</hitLevel>
			<damage>28</damage>
			<StartUp>15~16 (17~)</StartUp>
			<BlockFrame>-12~-11</BlockFrame>
			<HitFrame>KND</HitFrame>
			<CounterHitFrame>KND</CounterHitFrame>
			<tags>
				<NeedsWork/>
				<Punishable>-11</Punishable>
				<WallBounce/>
			</tags>
		</move>
		<move>
			<id>130</id>
			<name>qcf+3</name>
			<command>qcf+3</command>
			<hitLevel>m</hitLevel>
			<damage>18</damage>
			<StartUp>12(14~)</StartUp>
			<BlockFrame>-10</BlockFrame>
			<HitFrame>+4</HitFrame>
			<CounterHitFrame>KND</CounterHitFrame>
			<tags>
				<NeedsWork/>
				<Punishable>-10</Punishable>
			</tags>
		</move>
		<move>
			<id>131</id>
			<name>qcf+3, 4</name>
			<command>qcf+3, 5, +4</command>
			<hitLevel>m, m</hitLevel>
			<damage>18,25</damage>
			<StartUp>12(14~)</StartUp>
			<BlockFrame>-10</BlockFrame>
			<HitFrame>+4</HitFrame>
			<CounterHitFrame>KND</CounterHitFrame>
			<tags>
				<NeedsWork/>
				<Punishable>-10</Punishable>
			</tags>
		</move>
		<move>
			<id>132</id>
			<name>qcf+4</name>
			<command>qcf+4</command>
			<hitLevel>m</hitLevel>
			<damage>13</damage>
			<StartUp>18(20~)</StartUp>
			<BlockFrame>-5</BlockFrame>
			<HitFrame>+1</HitFrame>
			<CounterHitFrame>+3</CounterHitFrame>
			<tags>
				<NeedsWork/>
				<Safe/>
			</tags>
		</move>
		<move>
			<id>133</id>
			<name>qcf+4, 1</name>
			<command>qcf+4, 5, +1</command>
			<hitLevel>m, h</hitLevel>
			<damage>13,14</damage>
			<StartUp>18(20~)</StartUp>
			<BlockFrame>0</BlockFrame>
			<HitFrame>CS</HitFrame>
			<CounterHitFrame>CS</CounterHitFrame>
			<tags>
				<NeedsWork/>
				<Safe/>
			</tags>
		</move>
		<move>
			<id>134</id>
			<name>qcf+4, 1, d or u (Cancel)</name>
			<command>qcf+4, 5, +1, 5, d or u (Cancel)</command>
			<hitLevel>m, (Special)</hitLevel>
			<damage>13</damage>
			<StartUp>18(20~)</StartUp>
			<BlockFrame>-11</BlockFrame>
			<HitFrame>-5</HitFrame>
			<CounterHitFrame>-3</CounterHitFrame>
			<tags>
				<NeedsWork/>
				<Punishable>-11</Punishable>
			</tags>
		</move>
		<move>
			<id>135</id>
			<name>qcf+4, 1, 2</name>
			<command>qcf+4, 5, +1, 5, +2</command>
			<hitLevel>m, h, h</hitLevel>
			<damage>13,14,22</damage>
			<StartUp>18(20~)</StartUp>
			<BlockFrame>-9</BlockFrame>
			<HitFrame>KND</HitFrame>
			<CounterHitFrame>KND</CounterHitFrame>
			<tags>
				<NeedsWork/>
				<Safe/>
			</tags>
		</move>
		<move>
			<id>136</id>
			<name>qcf+4, 1, 4</name>
			<command>qcf+4, 5, +1, 5, +4</command>
			<hitLevel>m, h, m (TJ)</hitLevel>
			<damage>13,14,21</damage>
			<StartUp>js16~</StartUp>
			<BlockFrame>-5~-4</BlockFrame>
			<HitFrame>KND</HitFrame>
			<CounterHitFrame>KND</CounterHitFrame>
			<tags>
				<NeedsWork/>
				<TailSpin/>
			</tags>
		</move>
		<move>
			<id>137</id>
			<name>qcb (to SWAY)</name>
			<command>qcb (to SWAY)</command>
			<hitLevel>(SWAY)</hitLevel>
			<damage/>
			<StartUp>16~</StartUp>
			<BlockFrame/>
			<HitFrame/>
			<CounterHitFrame/>
			<tags>
				<NeedsWork/>
			</tags>
		</move>
		<move>
			<id>138</id>
			<name>qcb+2</name>
			<command>qcb+2</command>
			<hitLevel>m</hitLevel>
			<damage>16</damage>
			<StartUp>15~16 (17~)</StartUp>
			<BlockFrame>-9~-8</BlockFrame>
			<HitFrame>+6~+7</HitFrame>
			<CounterHitFrame>+6~+7</CounterHitFrame>
			<tags>
				<NeedsWork/>
			</tags>
		</move>
		<move>
			<id>139</id>
			<name>qcb+2, 4</name>
			<command>qcb+2, 5, +4</command>
			<hitLevel>m, h</hitLevel>
			<damage>16,25</damage>
			<StartUp>15~16 (17~)</StartUp>
			<BlockFrame>-10~-7s</BlockFrame>
			<HitFrame>KND</HitFrame>
			<CounterHitFrame>KND</CounterHitFrame>
			<tags>
				<NeedsWork/>
				<TailSpin/>
			</tags>
		</move>
		<move>
			<id>140</id>
			<name>qcb+3</name>
			<command>qcb+3</command>
			<hitLevel>l</hitLevel>
			<damage>21</damage>
			<StartUp>19~20 (21~)</StartUp>
			<BlockFrame>-13~-12</BlockFrame>
			<HitFrame>+4~+5</HitFrame>
			<CounterHitFrame>KND</CounterHitFrame>
			<tags>
				<NeedsWork/>
				<Punishable>-12</Punishable>
			</tags>
		</move>
		<move>
			<id>141</id>
			<name>qcb+4</name>
			<command>qcb+4</command>
			<hitLevel>m</hitLevel>
			<damage>21</damage>
			<StartUp>17~18 (19~)</StartUp>
			<BlockFrame>-12~-11</BlockFrame>
			<HitFrame>Launch</HitFrame>
			<CounterHitFrame>Launch</CounterHitFrame>
			<tags>
				<NeedsWork/>
				<Punishable>-11</Punishable>
			</tags>
		</move>
		<move>
			<id>142</id>
			<name>1+3+4 (to TNT)</name>
			<command>1+3+4 (to TNT)</command>
			<hitLevel>!</hitLevel>
			<damage>0</damage>
			<StartUp>28~31</StartUp>
			<BlockFrame>+16~+19</BlockFrame>
			<HitFrame>+16~+19</HitFrame>
			<CounterHitFrame>+16~+19</CounterHitFrame>
			<tags>
				<NeedsWork/>
			</tags>
		</move>
		<move>
			<id>143</id>
			<name>After TNT f+2</name>
			<command>After TNT f+2</command>
			<hitLevel>m</hitLevel>
			<damage>10</damage>
			<StartUp>15</StartUp>
			<BlockFrame>-10</BlockFrame>
			<HitFrame>+1</HitFrame>
			<CounterHitFrame>+1</CounterHitFrame>
			<tags>
				<NeedsWork/>
				<Punishable>-10</Punishable>
			</tags>
		</move>
		<move>
			<id>144</id>
			<name>After TNT f+2, 1</name>
			<command>After TNT f+2, 5, +1</command>
			<hitLevel>m, m</hitLevel>
			<damage>10,12</damage>
			<StartUp>15</StartUp>
			<BlockFrame>-10</BlockFrame>
			<HitFrame>+1</HitFrame>
			<CounterHitFrame>+1</CounterHitFrame>
			<tags>
				<NeedsWork/>
				<Punishable>-10</Punishable>
			</tags>
		</move>
		<move>
			<id>145</id>
			<name>After TNT f+2, 1, 4</name>
			<command>After TNT f+2, 5, +1, 5, +4</command>
			<hitLevel>m, m, m</hitLevel>
			<damage>10,12,16</damage>
			<StartUp>15</StartUp>
			<BlockFrame>-161~-160</BlockFrame>
			<HitFrame>CS</HitFrame>
			<CounterHitFrame>CS</CounterHitFrame>
			<tags>
				<NeedsWork/>
				<Punishable>-160</Punishable>
			</tags>
		</move>
		<move>
			<id>146</id>
			<name>After TNT f+2, 1, 4, 2</name>
			<command>After TNT f+2, 5, +1, 5, +4, 5, +2</command>
			<hitLevel>m, m, m, h</hitLevel>
			<damage>10,12,16,5</damage>
			<StartUp>15</StartUp>
			<BlockFrame>-140</BlockFrame>
			<HitFrame>CS</HitFrame>
			<CounterHitFrame>CS</CounterHitFrame>
			<tags>
				<NeedsWork/>
				<Punishable>-140</Punishable>
			</tags>
		</move>
		<move>
			<id>147</id>
			<name>After TNT f+2, 1, 4, 2, 1</name>
			<command>After TNT f+2, 5, +1, 5, +4, 5, +2, 5, +1</command>
			<hitLevel>m, m, m, h, h</hitLevel>
			<damage>10,12,16,5,5</damage>
			<StartUp>15</StartUp>
			<BlockFrame>-134</BlockFrame>
			<HitFrame>CS</HitFrame>
			<CounterHitFrame>CS</CounterHitFrame>
			<tags>
				<NeedsWork/>
				<Punishable>-134</Punishable>
			</tags>
		</move>
		<move>
			<id>148</id>
			<name>After TNT f+2, 1, 4, 2, 1, 4</name>
			<command>After TNT f+2, 5, +1, 5, +4, 5, +2, 5, +1, 5, +4</command>
			<hitLevel>m, m, m, h, h, m (TJ)</hitLevel>
			<damage>10,12,16,5,5,10</damage>
			<StartUp>js16~</StartUp>
			<BlockFrame>-136~-137</BlockFrame>
			<HitFrame>KND</HitFrame>
			<CounterHitFrame>KND</CounterHitFrame>
			<tags>
				<NeedsWork/>
				<Punishable>-136</Punishable>
			</tags>
		</move>
		<move>
			<id>149</id>
			<name>After TNT f+2, 1, 4, 2, 1, 4, 2</name>
			<command>After TNT f+2, 5, +1, 5, +4, 5, +2, 5, +1, 5, +4, 5, +2</command>
			<hitLevel>m, m, m, h, h, m (TJ), h</hitLevel>
			<damage>10,12,16,5,5,10,28</damage>
			<StartUp>16~</StartUp>
			<BlockFrame>+4</BlockFrame>
			<HitFrame>KND</HitFrame>
			<CounterHitFrame>KND</CounterHitFrame>
			<tags>
				<NeedsWork/>
				<Safe/>
			</tags>
		</move>
		<move>
			<id>150</id>
			<name>After TNT f, F+2</name>
			<command>After TNT f, 5, F+2</command>
			<hitLevel>h</hitLevel>
			<damage>44</damage>
			<StartUp>13(14~) pc6~12</StartUp>
			<BlockFrame>+4</BlockFrame>
			<HitFrame>KND</HitFrame>
			<CounterHitFrame>KND</CounterHitFrame>
			<tags>
				<NeedsWork/>
				<Safe/>
				<PowerCrush/>
			</tags>
		</move>
		<move>
			<id>151</id>
			<name>After TNT u/b+1+2, ,</name>
			<command>After TNT u/b+1+2, 5, , 5, </command>
			<hitLevel>mm</hitLevel>
			<damage>5,2</damage>
			<StartUp>15,27</StartUp>
			<BlockFrame>?</BlockFrame>
			<HitFrame>KND</HitFrame>
			<CounterHitFrame>KND</CounterHitFrame>
			<tags>
				<NeedsWork/>
			</tags>
		</move>
	</moves>
	<gameplans>
		<gameplan>
			<id>1</id>
			<name>All Moves</name>
			<moves>
				<id>1</id>
				<id>2</id>
				<id>3</id>
				<id>4</id>
				<id>5</id>
				<id>6</id>
				<id>7</id>
				<id>8</id>
				<id>9</id>
				<id>10</id>
				<id>11</id>
				<id>12</id>
				<id>13</id>
				<id>14</id>
				<id>15</id>
				<id>16</id>
				<id>17</id>
				<id>18</id>
				<id>19</id>
				<id>20</id>
				<id>21</id>
				<id>22</id>
				<id>23</id>
				<id>24</id>
				<id>25</id>
				<id>26</id>
				<id>27</id>
				<id>28</id>
				<id>29</id>
				<id>30</id>
				<id>31</id>
				<id>32</id>
				<id>33</id>
				<id>34</id>
				<id>35</id>
				<id>36</id>
				<id>37</id>
				<id>38</id>
				<id>39</id>
				<id>40</id>
				<id>41</id>
				<id>42</id>
				<id>43</id>
				<id>44</id>
				<id>45</id>
				<id>46</id>
				<id>47</id>
				<id>48</id>
				<id>49</id>
				<id>50</id>
				<id>51</id>
				<id>52</id>
				<id>53</id>
				<id>54</id>
				<id>55</id>
				<id>56</id>
				<id>57</id>
				<id>58</id>
				<id>59</id>
				<id>60</id>
				<id>61</id>
				<id>62</id>
				<id>63</id>
				<id>64</id>
				<id>65</id>
				<id>66</id>
				<id>67</id>
				<id>68</id>
				<id>69</id>
				<id>70</id>
				<id>71</id>
				<id>72</id>
				<id>73</id>
				<id>74</id>
				<id>75</id>
				<id>76</id>
				<id>77</id>
				<id>78</id>
				<id>79</id>
				<id>80</id>
				<id>81</id>
				<id>82</id>
				<id>83</id>
				<id>84</id>
				<id>85</id>
				<id>86</id>
				<id>87</id>
				<id>88</id>
				<id>89</id>
				<id>90</id>
				<id>91</id>
				<id>92</id>
				<id>93</id>
				<id>94</id>
				<id>95</id>
				<id>96</id>
				<id>97</id>
				<id>98</id>
				<id>99</id>
				<id>100</id>
				<id>101</id>
				<id>102</id>
				<id>103</id>
				<id>104</id>
				<id>105</id>
				<id>106</id>
				<id>107</id>
				<id>108</id>
				<id>109</id>
				<id>110</id>
				<id>111</id>
				<id>112</id>
				<id>113</id>
				<id>114</id>
				<id>115</id>
				<id>116</id>
				<id>117</id>
				<id>118</id>
				<id>119</id>
				<id>120</id>
				<id>121</id>
				<id>122</id>
				<id>123</id>
				<id>124</id>
				<id>125</id>
				<id>126</id>
				<id>127</id>
				<id>128</id>
				<id>129</id>
				<id>130</id>
				<id>131</id>
				<id>132</id>
				<id>133</id>
				<id>134</id>
				<id>135</id>
				<id>136</id>
				<id>137</id>
				<id>138</id>
				<id>139</id>
				<id>140</id>
				<id>141</id>
				<id>142</id>
				<id>143</id>
				<id>144</id>
				<id>145</id>
				<id>146</id>
				<id>147</id>
				<id>148</id>
				<id>149</id>
				<id>150</id>
				<id>151</id>
			</moves>
		</gameplan>
		<gameplan>
			<id>2</id>
			<name>Punishable Moves</name>
			<moves>
				<id>1</id>
				<id>6</id>
				<id>12</id>
				<id>15</id>
				<id>18</id>
				<id>20</id>
				<id>22</id>
				<id>23</id>
				<id>26</id>
				<id>29</id>
				<id>33</id>
				<id>34</id>
				<id>35</id>
				<id>36</id>
				<id>37</id>
				<id>42</id>
				<id>44</id>
				<id>45</id>
				<id>46</id>
				<id>47</id>
				<id>50</id>
				<id>51</id>
				<id>54</id>
				<id>55</id>
				<id>57</id>
				<id>58</id>
				<id>59</id>
				<id>60</id>
				<id>64</id>
				<id>65</id>
				<id>66</id>
				<id>68</id>
				<id>69</id>
				<id>74</id>
				<id>81</id>
				<id>82</id>
				<id>83</id>
				<id>86</id>
				<id>91</id>
				<id>92</id>
				<id>93</id>
				<id>94</id>
				<id>95</id>
				<id>96</id>
				<id>97</id>
				<id>98</id>
				<id>99</id>
				<id>100</id>
				<id>101</id>
				<id>102</id>
				<id>106</id>
				<id>107</id>
				<id>111</id>
				<id>114</id>
				<id>115</id>
				<id>116</id>
				<id>117</id>
				<id>118</id>
				<id>124</id>
				<id>126</id>
				<id>128</id>
				<id>129</id>
				<id>130</id>
				<id>131</id>
				<id>134</id>
				<id>140</id>
				<id>141</id>
				<id>143</id>
				<id>144</id>
				<id>145</id>
				<id>146</id>
				<id>147</id>
				<id>148</id>
			</moves>
		</gameplan>
	</gameplans>
</character>
